{
  "main.py": 1775491665.145477,
  "src\\analysis\\candle_patterns.py": 1775491665.145477,
  "src\\analysis\\market_behavior_analyzer.py": 1775666485.7096481,
  "src\\analysis\\score_config.py": 1775666483.05457,
  "src\\analysis\\signal_scoring_v4.py": 1775627921.7588842,
  "src\\analysis\\signal_scoring_v5.py": 1775630692.9707668,
  "src\\analysis\\technical_indicators.py": 1775576457.1605272,
  "src\\analysis\\smart_money\\composite.py": 1775655960.0323358,
  "src\\analysis\\smart_money\\config.py": 1775655855.6718316,
  "src\\analysis\\smart_money\\narrative.py": 1775648827.9467478,
  "src\\analysis\\smart_money\\normalize.py": 1775630498.66924,
  "src\\analysis\\smart_money\\primitives_intraday.py": 1775664206.4978929,
  "src\\analysis\\smart_money\\types.py": 1775630483.483806,
  "src\\analysis\\smart_money\\__init__.py": 1775648835.344244,
  "src\\analysis\\smart_money\\calibration\\weight_calibrator.py": 1775655909.7329483,
  "src\\analysis\\smart_money\\calibration\\__init__.py": 1775655862.5766056,
  "src\\analysis\\smart_money\\primitives\\base.py": 1775630523.2419324,
  "src\\analysis\\smart_money\\primitives\\concentration.py": 1775648732.8279066,
  "src\\analysis\\smart_money\\primitives\\divergence.py": 1775648710.3427315,
  "src\\analysis\\smart_money\\primitives\\foreign_flow.py": 1775630561.0274146,
  "src\\analysis\\smart_money\\primitives\\persistence.py": 1775648744.424117,
  "src\\analysis\\smart_money\\primitives\\prop_flow.py": 1775630544.4256344,
  "src\\analysis\\smart_money\\primitives\\toxic_flow.py": 1775648755.3268776,
  "src\\analysis\\smart_money\\primitives\\__init__.py": 1775648760.5133512,
  "src\\analysis\\smart_money\\tick\\trade_classifier.py": 1775649009.5695114,
  "src\\analysis\\smart_money\\tick\\__init__.py": 1775648987.234507,
  "src\\app\\stock_selector_app.py": 1775664468.500416,
  "src\\backtesting\\backtest_runner.py": 1775664450.6950529,
  "src\\backtesting\\metrics.py": 1775576457.1640635,
  "src\\backtesting\\trade_simulator.py": 1775627921.759884,
  "src\\models\\trade_record.py": 1775491665.1624365,
  "src\\reporting\\chart_renderer.py": 1775491665.1624365,
  "src\\reporting\\chart_renderer_v2.js": 1775745499.0849216,
  "src\\reporting\\chart_renderer_v2.py": 1775745602.7267108,
  "src\\reporting\\performance_report_writer.py": 1775576457.1675107,
  "tests\\test_smart_money.py": 1775648909.751396,
  "tests\\test_smart_money_phases345.py": 1775664212.4804022,
  "tests\\test_stock_data_loader.py": 1775576457.168768,
  "tests\\test_volume_convention.py": 1775576457.168768,
  "AGENTS.md": 1775750094.5743,
  "src\\analysis\\README_score_v2.md": 1775576457.1549566,
  "src\\analysis\\README_volume_convention.md": 1775576457.1549566,
  "src\\backtesting\\README_score_v2_validation.md": 1775576457.1620457,
  "src\\reporting\\README_hover_score_details.md": 1775576457.1665118
}